serial.no,sampleID,mean,std_dev,kurtosis,rms
1,2_1,2036.9190476190477,252.5409379009866,-0.8523159821005186,2052.507189245573
2,2_2,2033.9333333333334,146.34462492921472,-0.9274519210859009,2039.1888964090833
3,2_3,2045.2247619047619,150.8301246260267,-0.7762195517027886,2050.7762481558048
4,3_1,2004.3904761904762,54.94393092299622,-0.9895123580415888,2005.1430320671936
5,3_2,2001.5742857142857,52.859154731127425,-0.9907533875446535,2002.2718049636471
6,3_3,2007.1571428571428,46.579188913673896,-1.1161182068038593,2007.6972839074929
7,6_1,1981.7857142857142,55.32648806644815,-0.934093247757966,1982.5574846646944
8,6_2,2037.1661904761904,74.56432454126005,-0.9260258565500257,2038.529685477116
9,6_3,2020.4785714285715,99.25093446532982,-1.182925442182193,2022.9136696265377
10,8_1,2035.307619047619,64.90214453298965,-0.902085408917658,2036.3416674680766
11,8_2,2014.73,58.24195851188912,-1.1193592053020414,2015.571254839018
12,8_3,2021.9390476190476,58.93987294053514,-0.9948101927144899,2022.7975100505405
13,9_1,2021.0033333333333,48.02165709947582,-1.0194043667238433,2021.5735096112396
14,9_2,2003.8909523809523,43.44202067811786,-0.7934830021640447,2004.3615590815468
15,9_3,2010.8509523809523,47.26407193121856,-0.9914516484663611,2011.4060707446847
16,10_1,2007.8219047619048,65.08596357724852,-1.1617402742662133,2008.8760456202037
17,10_2,2013.4547619047619,61.62777158690294,-1.0279948425687435,2014.397242825943
18,10_3,1996.3790476190477,65.12169235878197,-1.2012928026898975,1997.4403913866508
19,11_1,2007.5142857142857,69.12839436714279,-0.3560864311183427,2008.70357859657
20,11_2,1987.7419047619048,63.80142084431714,-0.9674539232463162,1988.7650848848746
21,11_3,1945.4871428571428,128.65749918911706,0.7014273941954774,1949.7346211362055
22,12_1,2043.1304761904762,98.28606062877266,-0.7751161826490338,2045.49204163227
23,12_2,2015.1614285714286,92.99597156262591,-0.909027279582741,2017.3050626304107
24,12_3,1983.13,90.05265388456442,-0.5318124789001821,1985.1725909135168
25,13_1,2004.554761904762,188.54556621540027,-0.9263864600315155,2013.3981960144608
26,13_2,2008.7390476190476,179.34916878541335,-0.7108578101063996,2016.725903183531
27,13_3,2004.857619047619,171.50322471518197,-0.47088391862836865,2012.1762900851784
28,14_1,1942.2047619047619,158.84934321884413,-0.9959802104657123,1948.6868489416393
29,14_2,1970.2038095238095,141.30842801905243,-0.8587107346034601,1975.262416562851
30,14_3,1920.0661904761905,210.733470113712,-0.6925671064665146,1931.5904390645844
31,15_1,2030.8095238095239,80.48246551646659,-0.3381122737564697,2032.4029287427
32,15_2,2030.7447619047618,93.88426372364744,-0.9808666644520123,2032.9127737594365
33,15_3,1949.5490476190475,146.1125215732819,-0.04995924538900809,1955.0141155257068
34,16_1,2001.767619047619,174.5701105185749,-1.2744647885972675,2009.3615434711974
35,16_2,2047.009523809524,162.70807590734714,-1.3375018299159285,2053.462758830742
36,16_3,2029.3080952380953,141.92830400938684,-0.9028703428854028,2034.262863217698
37,17_1,1989.1209523809523,87.50850031016522,-0.8017435476491594,1991.0440111373014
38,17_2,1990.2780952380951,103.40550388458993,-0.7912483635557357,1992.9612396775667
39,17_3,2007.7328571428573,127.25799016717855,-0.7496501195403233,2011.7599533741593
40,18_1,2024.032380952381,228.19831211318788,-1.2239241254618727,2036.8497125287795
41,18_2,1927.3323809523808,247.37258691992244,-1.0360670938888397,1943.135137814538
42,18_3,1974.93,186.35472165212008,-0.8121698818720957,1983.6985784135652
43,19_1,2117.3557142857144,166.18750965872584,-1.3176993653971216,2123.864486641991
44,19_2,2040.2957142857142,120.75640862743785,-1.131579510013047,2043.8644201842837
45,19_3,1906.7009523809525,229.33011608371513,-0.7435431861573254,1920.4363514576576
46,21_1,1972.7704761904763,109.98550159882713,-1.2622757352391745,1975.8325844829976
47,21_2,2097.612380952381,202.1861185294632,-1.323959307960532,2107.3294618906607
48,21_3,1978.2923809523809,172.63292270581246,-1.1972567865781483,1985.8068080877401
49,22_1,2009.7833333333333,159.7249488159488,-0.6962325461533094,2016.1172975844058
50,22_2,1952.3619047619047,131.4881129449438,-1.1083780555018938,1956.7825372522207
51,22_3,1975.1738095238095,157.55343862222847,-1.0636951119671043,1981.44463544489
52,23_1,1994.7280952380952,140.55396380906402,-1.0651719740114258,1999.6715188583682
53,23_2,1994.7180952380952,95.8508824612221,-1.0764780100775257,1997.0186018639076
54,23_3,2020.9738095238095,126.40418463804318,-1.019651305256469,2024.9211214502252
55,24_1,2020.9738095238095,126.40418463804318,-1.019651305256469,2024.9211214502252
56,24_2,2024.4752380952382,147.92031660008223,-1.387219003063684,2029.869451584557
57,24_3,2002.7961904761905,144.01311869455947,-1.352959513791974,2007.9647613584116
58,25_1,1955.642857142857,154.91515165693218,-0.5619211248782907,1961.7661076062
59,25_2,1849.0714285714287,257.03945645597935,-0.4761385480646081,1866.8430487246185
60,25_3,2063.407619047619,217.92800000533342,-1.3287494108193918,2074.8785506626646
61,26_1,2006.1442857142856,149.60167738954286,-0.4487259592184003,2011.711932539997
62,26_2,1951.1171428571429,220.85978985776453,-0.6881827745301505,1963.5717261688008
63,26_3,1957.084761904762,178.9175793388268,-0.7871959947842346,1965.242229829382
64,27_1,2060.150476190476,150.580823154284,0.4774211548850471,2065.6436700042364
65,27_2,1995.962380952381,122.98050606840876,-0.2451295836802525,1999.7456910936498
66,27_3,2011.0690476190475,119.802225039397,-0.1003873915189728,2014.6325850777712
67,29_1,1996.7109523809524,84.206657097979,-0.8922945601360173,1998.4849291162448
68,29_2,2021.767619047619,83.93647237640725,-0.8746949987321382,2023.5084091509877
69,29_3,1942.2923809523809,185.41870580951573,1.1433929477924165,1951.1185043700543
70,30_1,1943.7861904761905,237.24416776881233,-0.7302187722276785,1958.2039595360993
71,30_2,2009.5380952380951,75.66712019622764,-0.952023092645629,2010.961497109565
72,30_3,2008.807619047619,77.8208270544426,-1.2866062332358723,2010.3137187063735
73,31_1,2035.6142857142856,247.12234778421507,-1.4556210371381437,2050.5525826678318
74,31_2,1987.1319047619047,215.85537928276818,-1.1408218968332025,1998.8157904833838
75,31_3,2035.992380952381,234.55490765723857,-1.3758807170786773,2049.4523126691097
76,32_1,2003.4880952380952,180.50115864375877,-1.1141566908116898,2011.598792361084
77,32_2,1987.1561904761904,97.80958538214398,-0.1859386865057795,1989.5607265831081
78,32_3,1998.2180952380952,105.56768230207668,-0.00418682926123104,2001.0034444652774
79,34_1,1944.2380952380952,201.78489265184297,-1.0837043357541842,1954.676322249263
80,34_2,2034.4376190476191,117.91598503781984,-1.3625167694043392,2037.8503341231205
81,34_3,2018.3457142857144,115.96097035943824,-1.1839325616978216,2021.6725663950347
82,35_1,2034.2219047619049,151.40097950393272,-1.0569701987057816,2039.8456066691956
83,35_2,2024.4828571428573,150.5475291843878,-0.8767887649100752,2030.0700984847554
84,35_3,1995.9195238095238,141.06389032173732,-0.8833353925300997,2000.895872091394
85,38_1,2000.5452380952381,115.50358019480814,-0.8880144084095671,2003.8752390828936
86,38_2,2004.0657142857142,124.88328029676025,-0.7578191829961649,2007.9511434010824
87,38_3,2018.1590476190477,123.22156666634335,-0.8026611380578945,2021.9154942069874
88,40_1,1961.2895238095239,181.7675745360078,0.8928703826792632,1969.6904107716305
89,40_2,1997.8519047619047,104.98801161711911,-0.3420471085484653,2000.6072745901074
90,40_3,2019.9009523809523,137.73508449469213,-1.0669265505810783,2024.5892860387405
91,41_1,1948.3080952380953,177.60587923387507,-0.6616694303653703,1956.3826981009036
92,41_2,2016.0342857142857,108.38054621217931,-0.801028464243132,2018.9440285644846
93,41_3,2003.9319047619047,103.34555434487461,-0.9095797767656904,2006.5937049304891
94,43_1,2049.6257142857144,100.52320444284047,-1.0922112815467373,2052.088124674126
95,43_2,2023.9333333333334,49.98638531489636,-1.044275583025203,2024.55021836127
96,43_3,2022.982380952381,54.501379399108345,-1.062111576751453,2023.7160619819692
97,45_1,2046.9619047619049,212.581166240793,-0.9463836222557211,2057.965566373974
98,45_2,2044.5690476190475,165.36094608690175,-0.943191413757265,2051.2420169021407
99,45_3,2018.944761904762,183.60283428813892,-0.892291613986492,2027.2720340398325
100,47_1,2027.7242857142858,129.5659837515678,-1.0954553428721479,2031.8575562887324
101,47_2,2004.827619047619,125.23309871159724,-0.9626247352595709,2008.7333428947563
102,47_3,2009.6880952380952,66.89728426768964,-1.2723127850719542,2010.800675281935
103,48_1,1968.6061904761905,242.47828084987012,-0.8703110561780742,1983.4762544343105
104,48_2,2008.3123809523809,239.26813442568164,-0.839887879022478,2022.5084914766708
105,48_3,2017.490476190476,133.18801221639026,-1.3266653470905874,2021.879922486096
106,50_1,2035.184761904762,168.249794885405,-1.3425803130928458,2042.1242686407281
107,50_2,2011.882380952381,88.6529651864414,-1.2652536981443006,2013.8337370488634
108,50_3,2007.7857142857142,96.54632434662864,-1.2666034759247726,2010.1045317523735
109,51_1,2047.2257142857143,100.46998421503721,-1.0291605525844572,2049.6883997794585
110,51_2,2003.3828571428571,62.165695472628535,-0.7583097520008946,2004.3466780261058
111,51_3,2012.334761904762,51.01631077338524,-0.827326572045362,2012.9810278717057
112,52_1,1992.9514285714286,117.41782129373499,-0.7945235927212186,1996.405714325241
113,52_2,1996.7904761904763,64.36979208580696,-0.7928614281670425,1997.827245498755
114,52_3,2000.587142857143,58.003511635151234,-0.631474932746114,2001.4274209744833
115,53_1,1951.1885714285713,232.730908379111,-0.9897451725080533,1965.012652570437
116,53_2,2034.0633333333333,237.5927497003631,-1.1342850509798954,2047.8860021053536
117,53_3,2010.2466666666667,108.58388613021661,-1.111003547169019,2013.1757267229968
118,54_1,2023.9542857142858,261.4522162231531,-0.5559865853525663,2040.7634995149194
119,54_2,1989.6604761904762,245.24601110827135,-0.6083857334745999,2004.7108957937764
120,54_3,2004.6328571428571,127.06264080880683,-0.18214672606670224,2008.6538075465937
121,55_1,1987.692380952381,41.5771912111863,-0.7770488094484134,1988.126968015972
122,55_2,2052.4961904761903,73.4530505060481,1.5101422771266844,2053.809483212436
123,55_3,2050.17,77.9100038771967,0.9685613293619078,2051.6491189145518
124,56_1,2026.1209523809523,158.02961843907502,-0.5225395379113085,2032.2715325233391
125,56_2,2042.477619047619,68.74570781558542,-1.037018323091028,2043.633662423497
126,56_3,2001.5066666666667,81.65155316751364,-0.738145397113525,2003.1706712347898
127,57_1,2064.67,178.45894005983462,-1.0925524239783821,2072.3645038136187
128,57_2,2022.7790476190476,218.65678505664525,-1.4104831737532568,2034.5572240896147
129,57_3,2027.3814285714286,93.71948218729722,-1.3357482859572873,2029.545420953738
130,58_1,2020.7352380952382,266.29974370629355,-1.0200507959432104,2038.1983923717207
131,58_2,1889.6171428571429,290.42413677247424,-1.0020254992639703,1911.7946963396412
132,58_3,1996.2814285714285,142.6402750240605,-1.1852256636944203,2001.3685571199953
133,60_1,2035.1909523809525,93.69709954996412,-1.0843895571597841,2037.3456207947213
134,60_2,2024.6504761904762,102.93780748757762,-0.6843484153300556,2027.2643382506528
135,60_3,2016.6385714285714,68.1880602845635,-0.6828261832347731,2017.7905057854978
136,61_1,2011.7042857142858,229.60125694302764,-0.5331921814964482,2024.7581996729527
137,61_2,2011.1128571428571,104.98903559635956,-0.7881398819446948,2013.850136643028
138,61_3,1992.174761904762,118.06198834969199,-0.5899973013290092,1995.668378668923
139,62_1,2061.907619047619,98.88801005039552,-0.8909352558274182,2064.276437744851
140,62_2,2015.4761904761904,80.55670937428995,-0.9170398775421158,2017.0846704139733
141,62_3,2030.0580952380953,47.110813343267594,-0.9425114738192013,2030.6044031038548
142,63_1,2023.487619047619,394.0852420818681,-0.4448742184955088,2061.4876590878316
143,63_2,2007.82,356.6809293401186,-0.566429454285577,2039.2405096482553
144,63_3,2014.3128571428572,148.77755881542828,-0.6342972076704965,2019.7971452834659
145,64_1,2020.5138095238094,138.78134714420906,-1.047381091170282,2025.2721163434053
146,64_2,2012.7809523809524,67.161134793307,-1.0898180513629319,2013.9006014153113
147,64_3,2010.8709523809523,65.67587564894708,-0.8821788522627938,2011.9426566901761
148,65_1,2027.16,138.44443117749105,-1.0999394637443882,2031.8797698307887
149,65_2,2011.1585714285713,75.2728566732108,-1.031796567504359,2012.5660496703492
150,65_3,2032.7347619047619,78.85555045904871,-1.1728643520872017,2034.2629744080825
151,66_1,1981.3728571428571,182.6201876727223,-1.1662200871008586,1989.766984084413
152,66_2,1981.3728571428571,182.6201876727223,-1.1662200871008586,1989.766984084413
153,66_3,2012.807619047619,174.80939906638608,-0.9359931287484922,2020.3807279110256
154,67_1,2001.0985714285714,92.19196833817384,-0.8587001883093066,2003.2201087962637
155,67_2,2035.9538095238095,133.15778953027424,-1.082696898574212,2040.301563028181
156,67_3,1993.607142857143,88.16581267940722,-0.8764832304905177,1995.5547973051553
157,83_1,2015.4514285714286,285.9573275182318,-1.2288607530945215,2035.6269587618688
158,83_2,2028.61,291.9874298086645,-1.268944531756226,2049.5059387220967
159,83_3,1968.9780952380952,300.14218084823705,-0.9801732461130466,1991.7121203819065
160,84_1,1986.4109523809525,163.9266594108486,-0.822603624776058,1993.160210629867
161,84_2,1997.9614285714285,201.77933583388457,0.7963625023401635,2008.1198625532672
162,84_3,2004.972380952381,165.2564213620136,-1.3029627263158758,2011.7681100393825
163,85_1,1964.9861904761906,195.29595259335048,-1.1968189492122343,1974.6627751882816
164,85_2,2037.355238095238,124.11304186783505,-1.1005767382783957,2041.1303432400484
165,85_3,2041.4409523809525,152.04483253177867,-1.1086170620737568,2047.0925198343882
166,86_1,2104.5609523809526,275.1300088528428,-1.4122325737898493,2122.460194702185
167,86_2,2025.9861904761906,289.7700363042121,-1.4453563987181912,2046.5939347632016
168,86_3,2014.7880952380951,141.21346884730227,-1.3862035415013896,2019.728401708177
169,87_1,2024.374761904762,302.0484739897445,-1.070847154685011,2046.7738059827575
170,87_2,2022.6438095238095,313.8082559773475,-1.078975539571156,2046.8308939849985
171,87_3,1992.2133333333334,268.1471516071705,-0.8775321410978676,2010.1697990349921
172,88_1,2026.9552380952382,85.73689156215539,-0.8573302484158116,2028.7668302268182
173,88_2,2021.1842857142858,37.59660056696335,-1.1184056492384544,2021.5337613048262
174,88_3,2018.46,39.02913999130873,-1.054301328045619,2018.837120720738
175,89_1,1867.4633333333334,74.4951123306497,-0.7700943895478103,1868.9478806205889
176,89_2,2050.654761904762,113.57674220910802,-1.260754890945182,2053.7961160228338
177,89_3,1932.1409523809523,177.51419469387739,-0.426536284536553,1940.274450640817
178,90_1,1995.5114285714285,162.13003434008994,-0.9158695252733189,2002.083787552597
179,90_2,2031.5514285714285,91.8742575607619,-0.8180108986342787,2033.6268258131006
180,90_3,2016.4166666666667,95.90244968449339,-0.8483842530209649,2018.694893689862
181,91_1,2041.6638095238095,266.2896479096792,-0.6654656662025764,2058.948158879281
182,91_2,2028.1980952380952,253.50233682322576,-1.3702042695435226,2043.971708871399
183,91_3,2040.7585714285715,115.9360985211756,-1.3463177148989753,2044.0475349751764
184,92_1,2041.0509523809524,286.48296719799333,-1.184501400507277,2061.0488588511016
185,92_2,2032.9104761904762,146.48386013938799,-0.4174952279783599,2038.1786741154583
186,92_3,1966.4438095238095,133.62589970403283,-0.4029907973575937,1970.9765686800324
187,93_1,2010.6780952380952,296.2695378579988,-1.0724115203321223,2032.3779775941098
188,93_2,1996.325238095238,160.15531239642075,-0.7478084116380543,2002.7361199595107
189,93_3,1940.1019047619047,209.1841068611734,-0.8258913482067096,1951.3412193375393
190,95_1,2036.574761904762,251.5113641555265,-0.6041362435488353,2052.039133224733
191,95_2,2020.2438095238094,102.0583938482996,-0.7180500135056342,2022.8188267154046
192,95_3,2025.577619047619,91.12232392311317,-0.7722043730011263,2027.6252155568359
193,96_1,1964.1690476190477,319.6441245498881,-1.1792723804068868,1989.9959197134526
194,96_2,2005.1409523809523,168.67699790642126,-0.9951079012736144,2012.2198239755019
195,96_3,2007.2485714285715,176.7931183378522,-1.3631668005648978,2015.0155707776032
196,97_1,2288.0590476190478,534.8551725350217,-1.1846824238516824,2349.7123307211154
197,97_2,1932.2090476190476,158.01095002505542,-1.1693855042567352,1938.6560743881068
198,97_3,2043.9733333333334,136.92592925820787,-1.22197078193676,2048.5523594782267
199,98_1,2035.3323809523808,150.72869530840393,-0.925890697213799,2040.9032857793047
200,98_2,2014.7985714285714,92.73765369791352,-0.41875915353354065,2016.9307029435072
201,98_3,2017.5204761904763,92.76292126420547,-0.7410646077743817,2019.6508940432066
202,99_1,2066.9566666666665,288.97305895637476,-1.1623973527118767,2087.0494786157983
203,99_2,2009.2166666666667,133.53819654494995,-1.3369921943865173,2013.6473305682805
204,99_3,2008.3333333333333,129.7177290006551,-1.1205041511464136,2012.5161997573373
205,100_1,2059.4295238095237,141.35550918146882,-1.052635428659205,2064.2727117731874
206,100_2,1996.1971428571428,181.4183970006869,-0.8476094040662914,2004.4201144565714
207,100_3,2014.0480952380951,107.19775117630181,-0.42679514689079445,2016.8975223630687
208,103_1,2013.9033333333334,101.18968686720646,-1.2491083287307796,2016.4426877194262
209,103_2,1994.3142857142857,89.4706058694119,-1.228987725173323,1996.3192749705763
210,103_3,2014.12,114.77710395452038,-1.2689722617823742,2017.386151623408
211,104_1,1924.594761904762,353.5690928947205,-0.7849598528463391,1956.7873088061365
212,104_2,2029.9333333333334,355.71096677643305,-0.38205686958555063,2060.849188354853
213,104_3,2031.6171428571429,219.33847245573926,-0.9806983567590537,2043.4174001971726
214,105_1,2061.039047619048,173.45445298317603,-1.5399043099783654,2068.321560152211
215,105_2,1977.0985714285714,131.50888288301584,-0.7912906963756101,1981.4653950813176
216,105_3,2000.354761904762,155.13259892846705,-0.9485005457712279,2006.3583520066065
217,106_1,2063.054761904762,215.17759010780537,-1.256425401583872,2074.2406556663204
218,106_2,2021.7880952380951,119.76506043496764,-0.6956412789826145,2025.3305758390584
219,106_3,1992.740476190476,120.79814282480011,-0.44152066871238516,1996.3967161101118
220,107_1,2007.5438095238096,144.3575819523813,-0.783526311667857,2012.7248533364154
221,107_2,2079.0847619047618,97.99551017994061,-0.2040516159252146,2081.391840640708
222,107_3,1995.5628571428572,89.6880855694845,-0.9708399800060383,1997.5763412314482
223,108_1,1988.0819047619048,92.42368293057334,-1.0217909416493116,1990.228059676531
224,108_2,1999.355238095238,77.4577632909427,-1.1877615380619824,2000.8543715599285
225,108_3,1992.6171428571429,77.03282614809491,-1.1888207053161255,1994.1048890596073
226,110_1,2007.615238095238,379.40206154313836,-1.1419600456785741,2043.1339463816714
227,110_2,2008.0523809523809,197.3525130469658,-1.281593690726576,2017.7224369027947
228,110_3,1991.2666666666667,176.80897154446708,-1.063688917361953,1999.0971621733456
229,111_1,1971.7933333333333,247.98386113198578,-0.8407169199819045,1987.3187114683897
230,111_2,1988.35,163.27937773322418,-0.7740407840596881,1995.039644313103
231,111_3,2021.3795238095238,163.6136068562471,-1.2522267443481425,2027.987141055316
232,112_1,1984.212380952381,222.75095346422472,-1.4248988937227507,1996.6705117221902
233,112_2,2005.9409523809525,88.30126945180902,-1.2822073580493019,2007.8825926119998
234,112_3,2016.702380952381,95.9808197750739,-1.3078101271186269,2018.9840079321368
235,113_1,2201.7714285714287,202.14294100287356,-1.2013600621392513,2211.026850647842
236,113_2,1973.3742857142856,99.97983553588257,-0.9769085740031187,1975.9041674756443
237,113_3,2027.7509523809524,102.67422067993581,-0.8240142553865866,2030.347482692603
238,114_1,2007.3366666666666,247.57973097652442,-1.3366118869327415,2022.539746975381
239,114_2,2024.7047619047619,234.48199926886667,-1.216683783852787,2038.2308502835538
240,114_3,2006.0895238095238,127.19846625936387,-1.0593016441533318,2010.1161466087333
241,115_1,2003.2204761904761,97.82829782298306,-0.7445754130978077,2005.606665017322
242,115_2,1961.6171428571429,165.20154751690612,1.2577084919592991,1968.557941864092
243,115_3,2019.5638095238096,106.76797239018147,-0.7964990332727528,2022.3827413180109
244,116_1,2024.0109523809524,188.2968027369561,-0.9995607498852905,2032.7466978497462
245,116_2,2056.7814285714285,208.0296464787197,-1.1702603390365822,2067.270076925698
246,116_3,2061.8690476190477,116.23156436439798,-0.9884540742669694,2065.1409910359976
247,119_1,2000.012380952381,207.29984368552073,-1.2543986689659725,2010.7218320081686
248,119_2,2039.1,124.73550673828946,-1.3455103502299142,2042.9097747132757
249,119_3,1926.6904761904761,165.08866171408553,-0.3147674769435138,1933.7470049227275
250,120_1,2052.4380952380952,152.17042261556617,-1.1299669338384246,2058.0687417368463
251,120_2,2012.2880952380951,139.83252881060557,-1.0445821316963702,2017.1383699026037
252,120_3,2018.397619047619,172.7861933096091,-0.9710688718084759,2025.776345127021
253,122_1,2023.3909523809523,197.2724855451613,-0.8020146557611962,2032.980287188058
254,122_2,1991.5228571428572,216.50924774840436,-1.0412053898876856,2003.2516623872157
255,122_3,1915.1571428571428,267.05015930705815,-0.7937548195515474,1933.6775091839409
256,123_1,2096.1680952380952,224.18223596557644,-1.052651478811972,2108.116321788358
257,123_2,1991.9195238095238,222.6499263623469,-0.8420317246373981,2004.3185307872457
258,123_3,1976.4314285714286,150.7667984057873,-0.8797483062798062,1982.1707785249218
259,124_1,2054.102380952381,372.8252773948571,-1.0936424961915208,2087.6467826353237
260,124_2,1972.53,355.669419710494,-0.6406318808084199,2004.3241001822605
261,124_3,1995.33,169.78128226213477,-0.5187408188836149,2002.5368326676232
262,125_1,1987.2490476190476,220.60562915551407,-1.1481401731883503,1999.4505360699666
263,125_2,3908.905714285714,443.46849549235054,3.5494489522543233,3933.9693110140042
264,125_3,2024.7585714285715,145.25799458484877,-1.2115389796830258,2029.9598789138665
265,126_1,2061.5538095238094,118.08684742506198,-1.1439125317200145,2064.9314692883013
266,126_2,1927.2633333333333,170.54360495033328,-0.5655507046086434,1934.7907450530295
267,126_3,2010.29,105.26180611948892,-1.2436518756120987,2013.0426363379106
268,127_1,1885.3719047619047,233.54590476883337,-0.7799034216729983,1899.7749697567567
269,127_2,2034.0614285714287,175.01752049464253,-1.2481466701688124,2041.5735209461773
270,127_3,2005.1366666666668,135.65452957536928,-1.1524517662370672,2009.7180002368964
271,128_1,2092.4557142857143,317.5076992096009,-1.2303490982926057,2116.3964775060463
272,128_2,2080.5880952380953,327.71714955233944,-1.2594777400087764,2106.2274829656935
273,128_3,2027.1442857142856,157.9304387334095,-1.1497587398087659,2033.2840680604793
274,130_1,1977.5404761904763,368.0792305232713,-1.0538852521844377,2011.488041108823
275,130_2,1968.7780952380951,308.89831641948825,-0.8358825248844588,1992.8522075037029
276,130_3,1967.104761904762,154.44820552777026,-0.5498041940366951,1973.1558563208669
277,131_1,1991.5814285714287,369.2468385288639,-1.2043076673366244,2025.5060822045484
278,131_2,2003.5557142857142,296.9517283285728,-1.043341226556148,2025.4317659628598
279,131_3,2020.6519047619047,154.32978020712915,-1.3686489258647436,2026.534100261777
280,134_1,2266.7933333333335,487.1837632791079,-0.3859355098036854,2318.531218763498
281,134_2,1986.3728571428571,266.9726840556013,-0.8832342439996128,2004.2249378322215
282,134_3,2049.5242857142857,115.70184728922999,-0.8164261623121889,2052.7859948071036
283,135_1,2036.145238095238,221.71448823578172,-1.2848726150122012,2048.175123534769
284,135_2,1992.1795238095237,92.66549728770065,-0.9639048877845644,1994.3324849373012
285,135_3,2027.6709523809525,121.24417271713868,-1.2885062340795674,2031.2908803212283
286,136_1,2016.1757142857143,204.55372607596743,-0.7937644702897497,2026.5208641553984
287,136_2,2018.7428571428572,201.00117817290797,-1.200555779294772,2028.7200295001867
288,136_3,2039.3266666666666,99.0251769148336,-1.224057842368971,2041.728329020247
289,137_1,2007.7385714285715,143.39769270573188,-1.3658368134470436,2012.85053534013
290,137_2,2011.7419047619048,131.2804752384676,-1.3416549889481226,2016.0188113256897
291,137_3,1995.6566666666668,105.83317086614218,-1.0035763795211148,1998.45962121306
292,138_1,2084.0738095238094,206.3784983772203,-1.1432126793637394,2094.262506514042
293,138_2,2020.019523809524,175.92995839766087,-1.2738428240827104,2027.6625676120861
294,138_3,1996.9928571428572,222.51707343892357,-0.7470784153766208,2009.345849133138
295,139_1,2159.4714285714285,208.91851251554374,2.0974418826715553,2169.549034114825
296,139_2,2017.0395238095239,82.2511339292409,-1.0715864580432484,2018.7150537149214
297,139_3,2016.7247619047619,94.06607945807143,-0.8526331974860231,2018.9162882714131
298,140_1,1825.3433333333332,162.49559448224855,-0.4606044590674525,1832.5584653831972
299,140_2,2014.0295238095239,210.3062629479285,-1.1940650170021816,2024.9747123641534
300,140_3,1951.5085714285715,170.2139320977806,-1.2621839312658274,1958.914161079089
301,141_1,2044.3609523809523,227.59844489615847,-0.6504945503705768,2056.9851940574167
302,141_2,2002.517619047619,102.03405429731977,-0.9266901110183445,2005.114162644635
303,141_3,2022.5838095238096,107.63233486765608,-1.2847423751371008,2025.4442647290518
304,142_1,2050.3238095238094,153.44586363894206,-0.9012721413086395,2056.054995558705
305,142_2,2006.4390476190476,133.62371563011249,-0.9174219868097526,2010.8815098524992
306,142_3,1979.857142857143,123.59470784375392,-0.9392420133641117,1983.7093244247062
307,144_1,1998.5819047619048,84.70087746502331,-1.1119909065771836,2000.3750779243758
308,144_2,2017.9661904761904,90.95694367359245,-1.3505608020948636,2020.014052402795
309,144_3,1943.5442857142857,135.40627005845292,-0.5613263377904918,1948.2531964862903
310,145_1,2082.4357142857143,271.53221510642953,-0.8530327264136073,2100.055508450057
311,145_2,2023.6890476190476,269.3196799681545,-0.8896188790141197,2041.522939353061
312,145_3,2018.760476190476,134.34099474027087,-0.9683476695217279,2023.223361136288
313,146_1,1973.5523809523809,383.1127700651489,-1.002773577201639,2010.3767064669153
314,146_2,1973.5523809523809,383.1127700651489,-1.002773577201639,2010.3767064669153
315,146_3,2012.154761904762,375.6286258469711,-0.9574267503012859,2046.8992308925644
316,148_1,2030.7452380952382,246.2092854566213,-0.8171930998262704,2045.6090457600246
317,148_2,2030.7452380952382,246.2092854566213,-0.8171930998262704,2045.6090457600246
318,148_3,2006.0157142857142,115.91355653083347,-0.7829485306191013,2009.3602465651077
319,149_1,2018.195238095238,183.66748642711116,-1.408700338908494,2026.53144583359
320,149_2,2010.3880952380953,101.13922946239148,-1.237663400690778,2012.929349527816
321,149_3,1973.1261904761905,86.45204427747274,-1.328475166421066,1975.0183190229377
322,150_1,1978.8328571428572,220.62742867422503,-1.2004093264591658,1991.0883354396433
323,150_2,2000.472380952381,225.38004048267686,-1.3092018391609146,2013.122381017205
324,150_3,2005.7857142857142,106.78244028326128,-1.5114872152260825,2008.6247512735104
325,151_1,1994.9038095238095,219.52549913099108,-0.976632198280043,2006.9403841953765
326,151_2,1935.9576190476191,252.7307206581924,-0.8738848711754996,1952.37657850265
327,151_3,1968.8004761904763,227.58433500056273,0.5876365284843788,1981.9044579586048
328,152_1,1983.472380952381,327.8627190649912,-0.4891887911370456,2010.374457893947
329,152_2,2018.6090476190477,171.4225379895368,-1.10539189606858,2025.8712151753848
330,152_3,1967.0695238095238,161.62350136412263,-0.33910018658713614,1973.6950698047124
331,153_1,2035.752380952381,199.6439246147655,-1.153285465470949,2045.5137431299095
332,153_2,2016.33,73.78707088265935,-0.6395909121572219,2017.6790151298194
333,153_3,1991.7547619047618,99.24119612479804,-1.3303388220778158,1994.2244499219908
334,154_1,2002.7319047619048,145.95038879598877,-0.8572612846644581,2008.0404514754937
335,154_2,2002.0480952380951,133.41461260946164,-1.3729585476925508,2006.4863713894067
336,154_3,1951.48,171.9642652088327,-1.0331980151582387,1959.0384930222422
337,155_1,1982.6542857142856,294.1486508231039,-1.0975852129514536,2004.3453404564605
338,155_2,2021.4714285714285,154.58810828554533,-0.685807627417601,2027.3709182090977
339,155_3,2037.2804761904763,169.44146933107268,-1.2379354851042874,2044.3112479687206
340,156_1,2004.7147619047619,315.8229539296688,-0.9175135505346637,2029.427977933449
341,156_2,1973.6738095238095,174.17053073859145,-0.9653613206514104,1981.3402622371316
342,156_3,2018.5595238095239,173.98821177550636,-1.2452031317815773,2026.0404817795531
343,157_1,2057.6466666666665,245.79657848044775,-1.2765196608771625,2072.268562067507
344,157_2,1960.1142857142856,250.42033512787899,-1.2069306365102686,1976.0385864749946
345,157_3,1985.1238095238095,121.4965122211644,-1.25308151387616,1988.8365725672263
346,158_1,2047.5957142857144,78.25936210291334,-0.8417365931856051,2049.0899981397083
347,158_2,2023.4652380952382,81.49817530811443,-0.6063961592497766,2025.1050243194325
348,158_3,1946.865238095238,134.87031666205397,2.7522658819395147,1951.5290404486134
349,160_1,2086.227142857143,157.46005135185248,-0.32173359777360533,2092.1581089528445
350,160_2,1983.077619047619,103.53550563988367,-0.7885409067897693,1985.7772633212944
351,160_3,2036.8995238095238,87.332672103478,-0.5167687321822112,2038.7699806033843
352,161_1,2017.6642857142858,186.99610113489413,-1.0488570156297874,2026.3070005495688
353,161_2,2021.7333333333333,183.67717795395143,-1.1273828611577612,2030.0558887450786
354,161_3,2011.0085714285715,93.26234301137089,-1.1037194587468722,2013.1689440141026
355,162_1,2012.7361904761906,104.9144751386925,-0.523818874079891,2015.4673845277769
356,162_2,2009.5138095238094,102.93855528718836,-0.5204094057863338,2012.14737306997
357,162_3,1998.8204761904763,100.26750623143697,-0.4515871637582527,2001.332576417166
358,163_1,2018.2461904761906,130.89761521563156,-0.9687307361834354,2022.484539348759
359,163_2,2005.604761904762,45.01591456651327,-0.7941792522532456,2006.1096501865068
360,163_3,1995.7152380952382,52.08703692034133,-0.5383791291648268,1996.3945198901993
361,164_1,2260.925714285714,460.89201496398863,0.8259723109981452,2307.4023017030995
362,164_2,2040.6842857142858,149.97498867455067,-0.9176852391226156,2046.1852654332624
363,164_3,1979.595238095238,160.0788722231776,-0.8969010694253345,1986.0539644037394
364,165_1,2071.3390476190475,230.04632029180067,-0.3075410334236883,2084.068511121364
365,165_2,2071.0733333333333,250.19644564495982,-0.883391205371169,2086.1239667771197
366,165_3,2006.9409523809525,116.26710773951969,-0.48010716207099957,2010.304352461042
367,166_1,2032.6795238095237,199.21275662195072,-1.3796094556621865,2042.413491669202
368,166_2,1989.2442857142858,197.26288276639252,-1.3022500662277978,1998.9964840722791
369,166_3,2024.857142857143,97.06039814207178,-1.1481168814476264,2027.1809696742725
370,167_1,2065.8333333333335,194.42373000063304,-1.3153891287190491,2074.9578182746386
371,167_2,1960.4085714285713,184.93754588224698,-0.7768615277306399,1969.1082692910709
372,167_3,1986.9304761904762,107.70419376120525,-0.9512542480723041,1989.8460710986333
373,169_1,1992.662857142857,369.87393993752323,-0.4538558904512384,2026.6837068519221
374,169_2,2059.055238095238,393.9385165631889,-1.2139886543918632,2096.3831065727964
375,169_3,2037.0,188.25375665244752,-0.9473507402285093,2045.676318715251
376,170_1,1925.4114285714286,284.04445642903835,-0.7605474193239079,1946.2404791949896
377,170_2,2035.757619047619,153.25765969881542,-0.9572466706827778,2041.5155666924559
378,170_3,2006.1880952380952,138.24244347825268,-0.7304836562875474,2010.943198151175
379,171_1,1975.2095238095237,154.6820523138194,-0.6364791355034578,1981.2540994699964
380,171_2,1988.6204761904762,78.47017658574929,-0.5866866456888209,1990.167338381852
381,171_3,2006.3490476190477,78.09769339258462,-0.7863574615113476,2007.8677362292758
382,172_1,2009.7538095238094,41.67763328807647,-0.2582090126933734,2010.1857060622888
383,172_2,2030.9342857142858,100.65599255991806,-1.024764214151889,2033.4258966440989
384,172_3,1945.2438095238094,89.73184648293329,-0.8195337508840255,1947.31133837695
385,173_1,1942.2747619047618,324.69163621666087,-0.7294052846410946,1969.2144898773363
386,173_2,2022.2152380952382,207.27736951830101,-1.281426462817243,2032.8054304569432
387,173_3,2007.357142857143,189.42235370039953,-1.016463619822397,2016.2704285269824
388,174_1,2015.8133333333333,118.97195578496627,-0.1636540205023178,2019.3194350949977
389,174_2,1998.7352380952382,64.8293056574357,-0.20545886659348467,1999.7858359143884
390,174_3,2026.2561904761906,69.61180788357208,-0.5661142769995964,2027.4510217793884
391,175_1,2054.8952380952383,213.96409532628397,-1.2401888683080686,2065.9993401096076
392,175_2,2039.7047619047619,253.07648068317013,-1.3981657529731766,2055.3376174985856
393,175_3,2043.507619047619,118.95921304312476,-1.3097062714110277,2046.96554557274
394,176_1,2024.0657142857142,215.50386014128034,-0.6007665802011446,2035.5003842509375
395,176_2,2107.815238095238,233.78027894667133,-0.7318611116234295,2120.733899250109
396,176_3,2006.9852380952382,69.51949881695302,-0.6697711471708483,2008.18833908528
397,178_1,1999.73,121.83137995008966,-0.5226603499517934,2003.436020940025
398,178_2,1988.6633333333334,91.40618940210331,-1.2428833638373704,1990.76190595221
399,178_3,2012.3142857142857,42.9543037570982,-0.8356421478554497,2012.7724605864514
400,179_1,2121.678095238095,138.33615938371037,2.88016878770521,2126.1810176934605
401,179_2,2016.8871428571429,21.341327056270337,-0.26123010879147524,2016.999995632363
402,179_3,2000.7385714285715,53.30089993722696,-1.0643401642591428,2001.4480918289423
403,180_1,2003.5685714285714,283.77981077447845,-0.9626139023657414,2023.5561898136987
404,180_2,2026.497619047619,170.51088074281063,-1.2447279725385951,2033.6550139377832
405,180_3,2002.7995238095239,164.4658187168818,-0.7814196417657637,2009.5377721304587
406,182_1,2097.3809523809523,246.63797406643152,-1.0911018213165675,2111.825793681179
407,182_2,2012.2847619047618,127.00561318334186,-0.8098857510972683,2016.2868614408635
408,182_3,1994.8914285714286,126.76508951907302,-0.7759677369174462,1998.9130915622738
409,183_1,2074.764761904762,76.7783225334066,-1.300485771321345,2076.1842213426967
410,183_2,2011.9966666666667,80.58004633233178,-1.0410492703354137,2013.6088593794548
411,183_3,2021.3604761904762,54.50807388706251,-1.2222024681986559,2022.0949260605942
412,184_1,2056.0342857142855,151.51348811324442,-1.2710438737140561,2061.606749485413
413,184_2,2062.4123809523808,159.29200622836967,-0.9597465257583511,2068.5518338982492
414,184_3,2030.9004761904762,92.23089746203603,-1.0220708286390712,2032.9926787631975
415,185_1,1989.3990476190477,272.0209892257739,-0.9198879005955831,2007.901579593316
416,185_2,1997.9838095238094,166.95713754947846,-0.3612746357863603,2004.9440678577782
417,185_3,1997.9838095238094,166.95713754947846,-0.3612746357863603,2004.9440678577782
418,186_1,2006.7757142857142,75.56414903923124,-0.9907637631054254,2008.1971987450881
419,186_2,2010.2714285714285,74.32286443648397,-1.1367042214011387,2011.644221597277
420,186_3,1993.7019047619049,61.89834522567975,-0.6483308224377486,1994.662093116096
421,188_1,2044.5252380952381,242.58648518196574,-0.9244892919687944,2058.8597885838703
422,188_2,2088.4333333333334,166.85174938498068,2.2091662585234646,2095.084732688121
423,188_3,2020.59,109.3345805108067,-0.8001229485845216,2023.5444907860258
424,189_1,1983.6985714285715,261.9070295678833,-0.704042000437028,2000.9054575366622
425,189_2,2041.6471428571429,282.7574354208605,-1.4792781141804292,2061.1251177336085
426,189_3,1955.7566666666667,266.1837786734996,-0.9044732772113964,1973.7791678233239
427,190_1,2017.4209523809525,141.274761734171,-0.31216993665503256,2022.359105928849
428,190_2,2015.6090476190477,81.82352996701268,-1.0893863992603665,2017.2683844153967
429,190_3,2024.3485714285714,74.90529146673276,-0.9283423619197366,2025.7332671217623
430,191_1,2112.8195238095236,244.7609197986051,-0.2906726916807192,2126.942810814666
431,191_2,1984.434761904762,191.61497152921118,-0.7747568594514691,1993.6599854586657
432,191_3,2027.3466666666666,93.77426095907916,-0.8927429231248047,2029.5132252411097
433,192_1,2064.167142857143,236.84612889427697,-0.8277205549369762,2077.7043509604537
434,192_2,2033.2,113.3908568717322,-0.9278310391003592,2036.3579262520436
435,192_3,2028.565238095238,119.85320158290207,-1.063704223373617,2032.1010985583134
436,193_1,2086.6066666666666,73.49000543502979,-0.7819102566065861,2087.8998037444685
437,193_2,2018.6561904761904,42.266085647499914,-0.7200164917053602,2019.0984093566778
438,193_3,2021.0528571428572,39.57976690182058,-0.40898108270136024,2021.4401953392867
439,195_1,2207.8204761904763,124.41439256161775,-0.8854786961490531,2211.321511051275
440,195_2,2011.0966666666666,97.33578510870663,-0.01228856255532973,2013.4496631876536
441,195_3,2008.4757142857143,65.90090934874296,-0.6043057486740566,2009.556059597907
442,196_1,2025.6033333333332,302.89590739691755,-0.9714910570680964,2048.114036422405
443,196_2,1999.9538095238095,151.62147038219666,-1.449394395040316,2005.6902461081406
444,196_3,2036.6,151.61251731745867,-1.3933460956625978,2042.2328392041416
445,197_1,2002.634761904762,245.64483483201525,-1.008438462612379,2017.6368951018394
446,197_2,1989.594761904762,250.46892861817236,-0.6808068889844643,2005.2910330280883
447,197_3,2047.8223809523809,100.00462292338413,-0.8596659200857442,2050.261609207585
448,198_1,2028.3861904761904,326.63981865180244,-0.573277477082391,2054.5056102091694
449,198_2,1965.9880952380952,312.09778666829624,-0.5585180484224623,1990.5948446919795
450,198_3,2011.6738095238095,103.64308133441232,-0.5320543191026483,2014.3406586393521
451,199_1,2078.155238095238,396.32326122796195,-0.9776162604859304,2115.591294357657
452,199_2,2009.83,182.23556460043844,-0.9033684964966899,2018.0710135459271
453,199_3,2020.7428571428572,195.36492178621532,-1.0476602050194668,2030.160331693276
454,200_1,2267.515238095238,246.49451849408868,-1.1800804787463457,2280.8673721906343
455,200_2,2063.3171428571427,103.63490167686146,-0.8431604936099308,2065.916917612175
456,200_3,2007.7738095238096,100.54599766411124,-1.2083923610903538,2010.2886245038358
457,201_1,2016.012380952381,147.39591199501416,-0.9957879001019578,2021.390889838927
458,201_2,1970.7342857142858,158.51953187964247,-0.9436417966825963,1977.0963813007147
459,201_3,2005.730476190476,155.19973675697662,-0.9501988696824224,2011.7231995054815
460,203_1,1992.157619047619,394.03592725976205,-1.298391773242538,2030.734437516212
461,203_2,2030.377619047619,260.0209867552351,-0.9122884150316826,2046.9518787234651
462,203_3,2035.7733333333333,186.782985855207,-1.2014032680282216,2044.320017814749
463,205_1,2006.665238095238,312.1689996709935,-1.004867726748241,2030.79010673655
464,205_2,1959.3133333333333,318.6308054763491,-1.3750645245318869,1985.040549423901
465,205_3,1980.114761904762,178.38881546173064,-1.2670574188017274,1988.130248799227
466,206_1,2064.7685714285712,253.5296909727205,-1.3346733458610167,2080.2682398007737
467,206_2,2023.9566666666667,140.42456051944026,-0.8367058161468259,2028.8199170242503
468,206_3,2006.9747619047619,178.98904560898075,-1.0152362139218456,2014.9366038709625
469,207_1,2029.2047619047619,91.43330642997095,-1.0148349939729948,2031.2626699385075
470,207_2,2039.9780952380952,110.57427510759375,-0.8635557204431512,2042.9712374732194
471,207_3,1953.5495238095239,151.2082508845073,-0.38470120653903894,1959.389902373647
472,208_1,2021.3509523809523,215.4666278610626,-0.8242622960042318,2032.7969482604854
473,208_2,1997.8795238095238,92.91417330788802,-0.7303772472614627,2000.0378807126915
474,208_3,1997.5138095238094,99.03493495651318,-0.798457076834806,1999.9661664995378
475,209_1,1991.5833333333333,306.89039468204777,-1.1588262632863495,2015.07842019208
476,209_2,2029.7319047619048,162.6343019792175,-1.0712422610257728,2036.2340057543672
477,209_3,1997.7071428571428,173.30384426161436,-0.9891944974275035,2005.206659934985
478,210_1,1993.2014285714286,343.8463015407277,-1.2037870582304848,2022.628466577469
479,210_2,2015.8157142857142,320.80180313464535,-1.344520140448828,2041.1706896498672
480,210_3,2041.1985714285715,113.57572603094417,-0.8602947143028619,2044.3543995482732
481,211_1,2007.195238095238,210.71479333846602,-0.7562467632533516,2018.2200833313261
482,211_2,2033.3685714285714,213.36890590591366,-0.7542493627888995,2044.527416811826
483,211_3,1945.5638095238096,78.00160773780632,-0.5912597939456208,1947.1260592155277
484,212_1,1991.9971428571428,350.8956701236262,-1.162102999187353,2022.652158971106
485,212_2,1996.122380952381,328.1607961381254,-1.159940189997389,2022.904542271547
486,212_3,2009.2785714285715,163.69215758939612,-1.1224648163857267,2015.932226161433
487,213_1,1868.3728571428571,204.18087089274957,-0.5459426770913094,1879.491183551447
488,213_2,1987.5809523809523,120.0631984567947,-0.983965850747277,1991.2022372234844
489,213_3,1993.374761904762,132.15628436831,-0.9760573421705177,1997.748709947084
490,214_1,2049.5738095238094,326.0759355581613,-1.2277227002670095,2075.3379689193025
491,214_2,2013.7185714285715,168.16911772417888,-1.1854305528865243,2020.7250852107518
492,214_3,1951.6538095238095,225.49030725466827,-0.5883737258343871,1964.6308199179377
493,215_1,2015.112380952381,212.47845445026152,-1.3916994756264132,2026.2782392497688
494,215_2,2046.0857142857142,228.5158909592083,-1.3489513992233246,2058.800960799872
495,215_3,2034.8961904761904,106.40947493141974,-1.2974692315377316,2037.6751680472014
496,216_1,1995.2947619047618,167.68784457124897,-1.1791695277843561,2002.32540062798
497,216_2,1995.2947619047618,167.68784457124897,-1.1791695277843561,2002.32540062798
498,216_3,2015.4785714285715,98.93100862092143,-1.3235746796792431,2017.9040006190298
499,217_1,2010.7542857142857,300.25608032795276,-0.9197938740065208,2033.0380175865823
500,217_2,2003.685238095238,309.341987826244,-0.44739403699108715,2027.4124964970451
501,217_3,1990.972380952381,153.20250433958194,-0.8147233594933105,1996.8552407175018
502,218_1,2109.5295238095237,518.1269437665323,-1.4437706245709305,2172.1976212385202
503,218_2,2101.8004761904763,465.2126929077287,-1.3737135780408856,2152.646053780589
504,218_3,2011.304761904762,239.26876947465905,-1.229907417902655,2025.479974628001
505,219_1,2046.9,509.6487141307737,-1.1740326495022355,2109.3642964737255
506,219_2,1961.5623809523809,399.3559421992377,-0.8675059196638526,2001.783254405693
507,219_3,2003.8204761904763,218.15826752635724,-1.0994281137930084,2015.655443557469
508,220_1,2049.3314285714287,211.3315295939792,-1.243742264071275,2060.1939356237685
509,220_2,2030.1242857142856,193.09039390874037,-1.25661144820216,2039.28192298872
510,220_3,2018.967619047619,105.60427043139389,-1.1983716838098126,2021.7262915872757
511,221_1,1979.6095238095238,221.40760637521507,-1.299322117033211,1991.9467491448088
512,221_2,2021.7314285714285,101.9995201385134,-1.0466596257798602,2024.3015874969958
513,221_3,2038.1519047619047,113.9004909563837,-0.9221557022058553,2041.330529569472
514,222_1,2031.8033333333333,371.2673951386364,-1.036714802899255,2065.429404794673
515,222_2,2021.202857142857,218.6275802774197,-0.8276145905000587,2032.987025934757
516,222_3,1991.5628571428572,223.6850013946123,-0.7828621324912115,2004.0792817698225
517,223_1,2019.26,74.90675175067385,-1.2001946526762055,2020.648236864313
518,223_2,1976.077142857143,105.62059055209897,0.6893239424012143,1978.8964781990421
519,223_3,2012.5480952380951,70.33485600140193,-0.8072507507313493,2013.7761722457544
520,224_1,2001.6404761904762,433.9651628118475,-0.7643888602575091,2048.12125605976
521,224_2,1995.7338095238094,199.03101163376522,-0.4412806147246542,2005.6290580691705
522,224_3,2058.400476190476,230.16318982251005,-1.292206220773063,2071.222438101528
523,226_1,2029.38,195.69178881015387,-1.1334274965799458,2038.788911280887
524,226_2,2031.249523809524,145.19943612276415,-0.9379312128851116,2036.4300785349603
525,226_3,1956.0695238095238,183.63820647234957,0.9676614637216412,1964.6666165753707
526,227_1,2066.0690476190475,418.70638992761957,-0.7744260445026501,2108.0495409602822
527,227_2,1979.0557142857142,424.9344732611268,-1.0386008708176337,2024.1405191904469
528,227_3,2030.5957142857144,232.4941917458052,-0.6548598259568732,2043.8558570226312
529,228_1,2016.0904761904762,230.84805313200582,-1.004572746638042,2029.2575625676734
530,228_2,2015.2833333333333,116.25333841670263,-1.2286113188881063,2018.6320409293683
531,228_3,1981.385238095238,121.34835483728465,-0.9182947298405617,1985.0959354291024
532,229_1,2034.397619047619,296.6443717181901,-1.1696822773193838,2055.901177562959
533,229_2,2066.560476190476,150.4647418881395,-0.7714931530621669,2072.0282477620353
534,229_3,1982.9104761904762,133.45549559386362,-0.792743339598184,1987.3942348617963
535,230_1,2085.232857142857,386.39717286014076,-0.8852680558767294,2120.713971082111
536,230_2,1978.2357142857143,390.2871619170066,-1.1387735848599614,2016.350186540499
537,230_3,2030.944761904762,226.7857950842946,-1.2617716562438979,2043.5615800431783
538,231_1,2005.7471428571428,192.58296892609533,-0.7645189075849186,2014.9692232081836
539,231_2,1936.4171428571428,324.36234078200073,-0.9027113571563987,1963.3892199580855
540,231_3,2000.9957142857143,228.14657341737765,-0.7693051595391336,2013.9538032011985
541,232_1,2257.184761904762,309.095795385975,-0.9742064063471032,2278.2400586333974
542,232_2,1984.4761904761904,132.90755510383786,-0.09049232252201733,1988.9197462800898
543,232_3,2026.4109523809525,149.69277470061152,-0.7969922372910561,2031.9297734630777
544,233_1,1996.9704761904761,276.36845979433303,-0.9290186010837811,2015.994602458761
545,233_2,2031.127619047619,146.32828350867524,-1.0558605558695782,2036.3892494408076
546,233_3,1985.5642857142857,148.9197697375643,-1.3432873161853536,1991.138385446878
547,234_1,2033.007619047619,191.90802430912848,-1.3218344925549894,2042.0409230543278
548,234_2,2004.2852380952381,77.45678271375806,-0.7559609983494648,2005.7806490004739
549,234_3,2010.1533333333334,89.20842574419385,-0.5486282035131573,2012.1309045742669
550,235_1,2082.0261904761905,380.6585674881819,-0.8778993697052155,2116.521911623159
551,235_2,1903.6614285714286,326.9322843781356,-0.5059564460178647,1931.5177078438307
552,235_3,2025.3961904761904,205.83834363661276,-0.6305871926754167,2035.8239059875675
553,237_1,1937.5257142857142,230.38011923440928,-0.8563875493971964,1951.167757792143
554,237_2,1949.509523809524,190.1551394025982,-0.4928081636613917,1958.757040039617
555,237_3,1994.9790476190476,222.09731274979237,-0.8410750400489437,2007.2979668248179
556,239_1,1977.0904761904762,162.86933007812465,-0.713817516625546,1983.7843980874632
557,239_2,2019.452857142857,91.1368470194079,-0.6738213581753758,2021.5073118603261
558,239_3,2017.5657142857142,94.74771780505161,-1.1948449327729624,2019.788173711953
559,240_1,2105.3357142857144,227.72893325646803,-0.8720266331188324,2117.6105027668737
560,240_2,2008.5157142857142,214.55276781471514,-0.46340816539077956,2019.9372129563124
561,240_3,1997.0814285714287,131.97468442857178,-0.8926743168971525,2001.4352989078327
562,241_1,2037.114761904762,236.16116312841814,-1.2135840756774265,2050.7515914903006
563,241_2,2015.1209523809523,256.1899839925289,-1.3349993091772587,2031.333184553107
564,241_3,2034.0242857142857,161.26226683519468,-1.4150357287595066,2040.4038644346858
565,242_1,2004.3304761904762,202.10323430747803,-1.2395199759335955,2014.4892466235467
566,242_2,2007.627619047619,213.15245915154566,-1.0335033048163638,2018.9058899267575
567,242_3,2032.44,134.41176600077597,-1.3014792400747552,2036.8775793683167
568,243_1,2011.567619047619,204.21796522741826,-0.6935082124406691,2021.9024219307726
569,243_2,2001.7890476190476,245.64199029859262,-0.8487499959850311,2016.7971254536474
570,243_3,2010.4590476190476,164.46780135851586,-0.6684870645255439,2017.171871469464
571,244_1,2020.7433333333333,167.86438844889614,-1.0418190322116754,2027.7003362946714
572,244_2,1994.4061904761904,61.762660725530615,-0.4969282807638904,1995.361837457295
573,244_3,2074.9890476190476,69.43666589629217,-1.0991416407310763,2076.1499710716835
574,245_1,2134.7019047619046,101.77567227286724,-1.0534499804525639,2137.1255408007405
575,245_2,2028.0319047619048,94.59292907383448,-1.1482925431636464,2030.235692744869
576,245_3,3227.940476190476,858.7092187812888,-1.75368773914864,3340.154203953835
577,246_1,2007.942857142857,105.55391484426583,-0.4974829971419097,2010.714012720949
578,246_2,2000.012380952381,108.36780680724814,0.31060839666902185,2002.9447105033462
579,246_3,1979.3619047619047,131.96670244337562,-0.15151337561335954,1983.754134871317
580,247_1,2052.115714285714,183.1268547136316,-1.1429671750554014,2060.2665799542037
581,247_2,1999.5214285714285,158.76451295684174,-1.2952345980562223,2005.8115841106264
582,247_3,1983.5561904761905,104.18045227520712,-0.999294116758239,1986.28889113533
583,248_1,2089.8928571428573,149.1231204294649,-0.7355281169551096,2095.2038731350226
584,248_2,1992.172380952381,67.5368923165033,-0.6205988274756002,1993.3162958341798
585,248_3,2012.5314285714285,70.1214454759263,-0.9338918742750923,2013.752076762844
586,250_1,1961.6780952380952,394.0909237899503,-0.9874539859446845,2000.853480273808
587,250_2,2013.8290476190475,223.71131097141316,-0.8372179639333273,2026.2108359952974
588,250_3,1977.9933333333333,200.28890984450862,-0.9076770080240673,1988.1031591515998
589,251_1,2104.6390476190477,483.2333345751705,-1.1936355826606073,2159.376942325637
590,251_2,2027.5190476190476,237.94043661374292,-1.0285799832636053,2041.4265061471108
591,251_3,2026.1161904761905,251.79924780582783,-0.8087630359161682,2041.6952482353156
592,252_1,2000.9961904761906,82.88643444220578,-0.8648943358959333,2002.7113231340966
593,252_2,2071.4714285714285,100.99529771202258,-1.096451745159311,2073.930826324965
594,252_3,2024.4395238095237,144.0461840996003,-1.338974158755466,2029.5553227481232
595,253_1,2005.4266666666667,135.4947416510563,-1.161643622819476,2009.9965666874255
596,253_2,2006.5623809523809,72.46518386017577,-0.9096236820658934,2007.8698391460491
597,253_3,2007.38,73.65307847951307,-0.7817828160617757,2008.730110578038
598,254_1,1862.7719047619048,372.4168734797028,-0.573138659026954,1899.617712042284
599,254_2,2011.8957142857143,222.8066073074397,-1.0321598405726622,2024.1895933928718
600,254_3,2006.2890476190476,215.2636102328243,-1.042241030158521,2017.7988250991298
601,256_1,2070.231904761905,333.27549780625833,-1.021461517845912,2096.8738171950395
602,256_2,2018.0233333333333,163.56456599607347,-0.996353354173908,2024.6379432946947
603,256_3,1990.3357142857142,160.56192464068312,-0.25680767195638277,1996.7984652819575
604,257_1,2099.9914285714285,170.41056809313457,-0.7645049688726941,2106.891058724521
605,257_2,2029.8642857142856,154.1322701573963,-1.137368781274575,2035.7049055255902
606,257_3,2011.5209523809524,92.3342161352792,-0.9306949380962548,2013.6380234599787
607,259_1,2184.7514285714287,501.3283100306302,-1.1649143363131278,2241.5060111664297
608,259_2,2021.547142857143,482.2831836577895,-1.0773531780431012,2078.2538727315796
609,259_3,2045.2447619047618,309.07757320209095,-1.1835337087706523,2068.455847336595
610,403_1,2602.1714285714284,541.0036128718617,-0.902515292321473,2657.7888702919236
611,403_2,2602.1714285714284,541.0036128718617,-0.902515292321473,2657.7888702919236
612,403_3,2498.917619047619,494.5167037086099,-0.8331823198733166,2547.355410261881
613,404_1,2444.890476190476,507.2503898318148,0.17029677309140112,2496.9320922550805
614,404_2,2488.7057142857143,547.7702083088615,-0.6613823630391287,2548.247525541538
615,404_3,2531.4680952380954,532.1156945335565,-0.6817206645852361,2586.763034686217
616,405_1,2558.4528571428573,484.9513024637081,-1.0138603670398805,2603.9867124414113
617,405_2,2659.924285714286,489.53762151467146,-1.2048119601018463,2704.575783917393
618,405_3,2628.9185714285713,452.73672135589453,-0.8297472262588363,2667.5992557068275
619,406_1,2777.905714285714,392.16616110870234,-1.04767058934551,2805.437794712262
620,406_2,2517.0385714285712,271.4795783226923,-1.2011600507332731,2531.6297588143266
621,406_3,2655.5985714285716,333.39402983688683,-1.0366064834187037,2676.43464750794
622,407_1,2605.111904761905,669.5149562606393,-1.2661720584105216,2689.7295143705787
623,407_2,2624.4119047619047,632.7891971529945,-1.3565253172578826,2699.5868825927178
624,407_3,2434.732857142857,578.6355577446391,-1.0654711409815611,2502.5154857995717
625,409_1,2496.1309523809523,462.25561638297705,-0.9184607970822092,2538.5523894159687
626,409_2,2669.6271428571426,493.59008162332515,-0.6283647354033506,2714.8525255921886
627,409_3,2661.264761904762,507.6358335375543,-0.5961689104257912,2709.2252695101565
628,410_1,2613.514761904762,566.6936874276594,-0.5859570390675106,2674.2191797660435
629,410_2,2613.672380952381,624.3617892894887,-0.917502814168742,2687.1779484557155
630,410_3,2622.2238095238095,596.8724077902144,-0.9438050178288586,2689.264719654975
631,411_1,2594.58,361.5957022842412,-0.43071008495287577,2619.6439769011145
632,411_2,2609.807142857143,362.20742880705654,-0.952083626254844,2634.810253310925
633,411_3,2631.4961904761903,346.8933031607306,-0.4628027094515552,2654.251280852053
634,412_1,2663.3514285714286,496.6905945941801,-0.865836256516114,2709.2480325552997
635,412_2,2680.399523809524,647.3155509383905,-1.2064309364725943,2757.41899203205
636,412_3,2606.284761904762,487.39745001319193,-0.7224495879577737,2651.4455326068746
637,413_1,2629.8980952380953,366.30733079841065,-0.9835610910899719,2655.274214876964
638,413_2,2603.6038095238096,368.63556306484224,-0.9850387100130891,2629.5589487140055
639,413_3,2621.0880952380953,362.607957805045,-1.024932762959897,2646.0394408211214
640,414_1,2701.627619047619,592.1852799685116,-0.695147150905814,2765.7382749845087
641,414_2,2684.327619047619,436.6637999936727,0.11498426193986999,2719.595418965318
642,414_3,2618.172380952381,502.74420994924606,0.05932539191494968,2665.9816201631284
643,415_1,2637.847619047619,340.2356659074014,-0.3816965978859663,2659.6889377734165
644,415_2,2661.4757142857143,312.5482836535543,-0.04191654001971079,2679.756125097954
645,415_3,2657.5304761904763,339.5890245542057,-0.19933632666043666,2679.1293404494572
646,416_1,2549.885714285714,619.4115614854728,-0.8522757607626392,2624.0055522226394
647,416_2,2409.4285714285716,610.3445579440876,-0.8197368948278636,2485.4957512584506
648,416_3,2630.0085714285715,564.5243103047611,-0.8133488602701542,2689.8849467340915
649,417_1,2770.9561904761904,320.93498171971845,-0.3351411735265195,2789.4709937122316
650,417_2,2699.302380952381,294.4589736766429,-0.07539872114130475,2715.308111868882
651,417_3,2654.802380952381,257.73258665886044,0.20358092094397584,2667.2776639612657
652,418_1,2610.076666666667,245.5668425450295,-0.6301925728770947,2621.5977121377173
653,418_2,2647.5871428571427,259.33667083330664,-0.8910936530200488,2660.252086067892
654,418_3,2611.7285714285713,259.24657142473615,-0.2229256137832083,2624.5576601455286
655,419_1,2606.3780952380953,247.66753348517483,-0.4308736408356477,2618.1132086549146
656,419_2,2591.5361904761903,295.80459332451784,-0.42146648856233115,2608.355519698735
657,419_3,2630.210952380952,295.9848359783904,-1.0158828246495417,2646.80466969586
